recipe_id,ingredients
214,"[924, 1414, 1613, 2196, 2222, 2797, 3334, 3334, 3567]"
215,"[71, 76, 1286, 2019, 2196, 3567]"
216,"[1286, 2196, 3334, 3567, 3649]"
217,"[792, 1402, 2019]"
218,"[30, 34, 351, 374, 614, 770, 1684, 2948]"
219,"[1137, 1373, 2960, 3338, 3338, 3567, 3595]"
220,"[792, 2047, 2048, 2328, 3357, 3586, 3595]"
221,"[1363, 1684, 1685, 2019, 3334, 3567, 3582]"
222,"[1530, 2196, 2460, 3334, 3567, 3649]"
223,"[2035, 3649]"
224,"[1604, 1684, 1696, 2457, 2537, 2915, 3640]"
225,"[12, 125, 889, 1267, 1351, 1373, 1684, 1684, 2019, 3021, 3021, 3334, 3334]"
226,"[12, 125, 363, 738, 1267, 2253, 2426, 3021, 3118, 3334, 3334, 3595]"
227,"[34, 889, 2417, 3595]"
228,"[34, 494, 612, 889, 3334]"
229,"[60, 898, 1684, 2796, 3567, 3595, 3649]"
230,"[34, 35, 1043, 2417, 3334, 3595, 3757]"
231,"[126, 882, 1746, 2472, 3021, 3334, 3649]"
232,"[30, 56, 125, 374, 778, 792, 1671, 1684, 1685, 2253, 2647, 3021, 3118, 3334]"
233,"[3334, 3595]"
234,"[35, 74, 78, 889, 1696, 3021]"
235,"[889, 2019, 3334, 3437]"
236,"[889, 924, 1495, 1696, 3334, 3649]"
237,"[12, 125, 1267, 2219, 2426, 2432, 2788, 3021, 3118]"
238,"[30, 126, 351, 374, 768, 2472, 3021, 3334, 3595, 3618, 3759]"
239,"[882, 1615, 2019, 3334, 3649]"
240,"[374, 889, 2577, 3021, 3334, 3649]"
241,"[60, 60, 324, 3334]"
242,"[374, 738, 1267, 2204, 3334, 3334]"
243,"[126, 936, 1267, 2043, 2220, 2775, 3021, 3595, 3640]"
244,"[12, 738, 2220, 2298, 2428, 3021, 3334]"
245,"[2019, 3334, 3595, 3649]"
246,"[60, 61, 125, 550, 1684, 2454, 3021, 3334, 3334, 3558, 3595, 3759]"
247,"[125, 126, 363, 738, 2327, 2428, 2459, 3021, 3334, 3334, 3595, 3759]"
248,"[351, 363, 792, 1267, 1351, 1803, 2327, 2432, 3021, 3334, 3595, 3649, 3792]"
249,"[351, 374, 770, 802, 1267, 1376, 2284, 2577, 2948]"
250,"[1267, 1351, 3334]"
251,"[125, 1267, 2219, 2426, 3021, 3074, 3118, 3334, 3595]"
252,"[126, 2046, 2220, 2472, 3021, 3334, 3595]"
253,"[841, 2342, 2417, 3334, 3595]"
254,"[35, 351, 489, 738, 740, 2220, 2410, 2428]"
255,"[126, 374, 782, 1267, 3021, 3334, 3586, 3595, 3703]"
256,"[12, 374, 792, 995, 1267, 3586, 3595]"
257,"[2454, 2459, 3334]"
258,"[351, 351, 802, 1373, 1684, 2220, 2903, 3640, 3759]"
259,"[374, 708, 1363, 1513, 2196, 2454, 2459, 3338, 3567]"
260,"[12, 125, 351, 374, 399, 1267, 3334, 3586, 3649]"
261,"[1553, 2417, 2978, 3595]"
262,"[30, 1178, 1440, 1612, 2019, 2048, 2092, 2141, 3334, 3595, 4289]"
263,"[386, 1351, 2019, 3021, 3334, 3595]"
264,"[60, 2454, 2459, 3334]"
265,"[125, 351, 363, 363, 738, 1267, 2327, 2552, 3021, 3334]"
266,"[12, 351, 374, 841, 1043, 1684, 1696, 3021, 3334, 3595]"
267,"[351, 998, 998, 3570, 3586, 3595]"
268,"[60, 125, 399, 1042, 1267, 2579, 2976, 3021, 3334, 3595]"
269,"[125, 351, 1780, 2417, 3357, 3595, 3759]"
270,"[363, 792, 3584, 3595, 4288]"
271,"[374, 768, 792, 2327, 2653, 2654, 3021, 3595]"
272,"[60, 1351, 1684, 1696, 2253, 2417, 2788, 3334, 3595, 3757]"
273,"[770, 2426, 3582]"
274,"[738, 752, 758, 1350, 3334, 3649]"
275,"[758, 1155, 1351, 1356, 1414, 2189, 2459, 3649]"
276,"[391, 1388, 2653, 3334]"
277,"[12, 351, 374, 560, 889, 1298, 1696, 2454, 2459, 2627, 3090]"
278,"[363, 1199, 2298, 3021, 3334, 3595]"
279,"[1350, 2259, 3334, 3649]"
280,"[76, 3334, 3595, 3649]"
281,"[125, 363, 738, 1200, 1413, 1685, 1690, 2060, 3334, 3595, 3769]"
282,"[1351, 1363, 1684, 3334, 3649]"
283,"[60, 1780, 2019, 2196, 3595, 3649]"
284,"[60, 1351, 1690]"
285,"[125, 363, 738, 889, 1267, 1305, 2327, 3021, 3334]"
286,"[3334, 3649, 3820]"
287,"[841, 2417, 3338, 3595, 3672]"
288,"[1, 12, 709, 1388, 3334, 3567, 3595]"
289,"[125, 126, 403, 1267, 1684, 1696, 2260, 3021, 3334, 3595, 3618, 3640, 3665]"
290,"[60, 2077, 3334]"
291,"[1536, 3334, 3649]"
292,"[125, 351, 1305, 2220, 2788, 2948, 3021, 3334, 3595, 3759]"
293,"[30, 35, 69, 126, 1042, 1671, 3118, 3334, 3759]"
294,"[782, 2196, 2845, 3334, 3567, 3595]"
295,"[2019, 2454, 2880, 3021, 3334, 3567, 3672]"
296,"[889, 1351, 2019, 2196, 2417, 2555, 3334]"
297,"[924, 1297, 1298, 1440, 3021, 3334, 3598]"
298,"[78, 1200, 1286, 1810, 2196, 2947, 3334, 3567, 3595]"
299,"[351, 738, 802, 1298, 2220, 2558, 2903, 3640, 3759]"
300,"[351, 408, 2019, 2259, 3684]"
301,"[12, 924, 1643, 2071, 2073, 2454, 3334, 3334, 3567, 3649]"
302,"[1786, 2259, 2456, 3334, 3649, 3657]"
303,"[125, 126, 249, 1004, 1267, 2219, 2426, 3021, 3759]"
304,"[889, 1373, 1696, 2454, 2459, 3021, 3334, 3649]"
305,"[12, 316, 387, 2019, 2048, 3322, 3334, 3567, 3649]"
307,"[125, 374, 738, 770, 792, 1267, 1373, 2019, 3021, 3334, 3595]"
308,"[60, 927, 3334]"
309,"[611, 770, 949, 1594, 2426, 3334, 3418]"
310,"[126, 386, 406, 1267, 2788, 2948, 3021, 3334, 3618]"
311,"[30, 351, 351, 374, 1373, 1402, 1684, 1684, 2775]"
312,"[12, 326, 363, 1373, 3334]"
416,"[399, 1546, 2454]"
417,"[2071, 3334, 3649]"
418,"[2253, 3334, 3649]"
419,"[141, 353, 718, 2224]"
420,"[203, 590, 956, 1648, 2726, 3021, 3334, 3480, 3636, 3649]"
421,"[219, 370, 629, 1200, 2449, 3649]"
422,"[758, 782, 916, 2453, 2552, 3334, 3636]"
423,"[390, 1135, 1520, 2130, 2196, 2788]"
424,"[219, 585, 718, 2220, 3021]"
425,"[351, 889, 2978, 3649]"
426,"[718, 967, 1086, 1135, 1573, 2019, 2288, 2653, 2991, 3298]"
427,"[1780, 1798, 2019, 2196, 3090]"
428,"[638, 1334, 1367, 1648, 2270, 3283, 3334]"
429,"[35, 638, 889, 1485, 1814, 2562, 2630, 3283, 3636]"
430,"[386, 1440, 1684, 2019, 2454, 2776, 3334, 3813]"
431,"[841, 1323, 1339, 1434, 2019, 3021, 3618, 3703]"
432,"[142, 219, 1333, 2521, 2653, 3340, 3480]"
433,[987]
434,"[1780, 2220, 2454, 2459, 2577, 3107]"
435,"[967, 1436, 2094, 2288]"
436,"[967, 1573, 1648, 2881, 3021, 3334, 3480, 4502]"
437,"[35, 390, 505, 585, 2194, 2642, 3072, 3338]"
438,"[211, 580, 638, 733, 848, 1352, 1356, 1492, 2288, 3021, 3618]"
439,"[219, 1086, 1573, 2130, 2196, 3021]"
440,"[203, 219, 967, 2070, 2282, 3021, 3480, 3636, 3649, 3649]"
441,"[585, 704, 1788, 2196, 2282, 2286, 2384]"
442,"[89, 841, 1367, 1648, 1714, 2287, 2523, 3703]"
443,"[219, 1029, 1350, 2220, 2282, 2298, 2518, 3021, 4289]"
444,"[1351, 2442, 2523, 3220]"
445,"[638, 1222, 1573, 2282, 2286, 2459, 2518, 3461, 3480, 3618]"
446,"[35, 388, 487, 2217, 2220, 2760]"
447,"[1292, 1492, 2442, 3110, 3640]"
449,"[1052, 1066, 2788, 3334, 3413, 3649]"
450,"[397, 1780, 2802]"
451,"[61, 1684, 1696, 1780, 2196, 2394, 2788, 3598]"
452,"[980, 1577, 2019, 2130, 2196, 3334]"
453,"[203, 1292, 1360, 1839, 2287, 2442, 3110, 3731]"
454,"[1267, 1367, 1497, 2019, 2518]"
455,"[113, 363, 603, 2196, 3486]"
456,"[34, 227, 241, 2194, 2796, 3322]"
457,"[590, 718, 732, 755, 940, 1577, 2282, 2442, 2537, 3298, 3334, 4289]"
458,"[1032, 1524, 2127, 2196]"
459,"[338, 578, 1025, 1339, 1648, 2196, 2786, 2872, 3021]"
460,"[35, 374, 802, 1505, 2282, 2287, 3415]"
461,"[399, 1806, 2454, 4289]"
463,"[1155, 1339, 1573, 1860, 2282, 3021, 3480, 3618]"
464,"[374, 1032, 1339, 2019, 3021]"
465,"[327, 1490, 2282, 2523, 3021, 3384]"
466,"[1225, 1339, 1490, 2523]"
467,"[60, 585, 2253, 2853, 3567, 3649]"
468,"[57, 550, 660, 733, 2417, 3479]"
469,"[338, 718, 1798, 2442, 2454, 3703, 4295]"
470,"[732, 2277, 3334, 3649, 3722]"
471,"[1363, 2019, 3322, 3334, 3640, 3649]"
472,"[580, 770, 1363, 1644, 1780, 2019, 2400, 2454, 2459, 3021]"
473,"[351, 363, 2298]"
474,"[770, 1004, 1546, 2642, 2976]"
475,"[126, 363, 386, 877, 1267, 3021, 3334]"
476,"[363, 1339, 3021]"
477,"[580, 585, 718, 2158, 2288, 3021, 3772]"
478,"[30, 483, 1488, 1577, 1707, 2220, 2282, 2417, 3415]"
479,"[253, 2019, 2038, 2129, 3090, 3334]"
480,"[70, 374, 585, 638, 718, 802, 1705, 2282, 2634, 3068, 3460, 3640]"
481,"[219, 718, 1025, 1443, 1648, 2442, 3649, 3703]"
482,"[718, 1393, 2460, 3290, 3570]"
483,"[351, 1363, 1806, 2196, 3595]"
484,"[1137, 1267, 1360, 2446, 2528, 3107, 3618, 3649]"
485,"[142, 236, 1648, 2417, 2961, 4289]"
486,"[12, 24, 1267, 2220, 3021, 3334, 3649, 3775]"
487,"[420, 617, 1339, 1367, 1648, 2019, 2658, 3334, 3415, 3460, 3618]"
488,"[142, 203, 219, 1182, 1367, 2287, 2304, 2306, 2442, 3039, 3309, 3460, 3480]"
489,"[499, 1696, 1780, 2196]"
490,"[127, 1025, 2288, 2454]"
492,"[1086, 1367, 1636, 2124, 2270, 2302, 3618, 3649, 3704]"
493,"[1529, 2196, 3334]"
494,"[134, 629, 1108, 2286, 3649]"
495,"[1440, 1512, 2259, 2653, 3067, 3334]"
496,"[3334, 3649, 3704, 3807]"
497,"[351, 889, 1684, 2220, 2253, 2260, 2306]"
499,"[1786, 2194, 3334]"
500,"[166, 947, 1339, 1573, 2106, 3021, 3334, 3480, 3618]"
501,"[1440, 3334, 3595, 4289]"
502,"[203, 559, 585, 1577, 2282, 2305, 2306, 3649]"
503,[3649]
504,"[732, 2349, 3021, 3334]"
505,"[1350, 1357, 1434, 2220, 3334]"
506,"[363, 779, 1443, 3093]"
507,"[876, 2220, 3103]"
508,"[802, 1367, 1648, 3618]"
509,"[249, 782, 949, 2019, 2020, 2453, 3322, 3567, 3649]"
510,"[1042, 2220, 2260, 3334, 3649]"
511,"[219, 2019, 2130, 2630, 3021]"
512,"[219, 610, 1671, 2298]"
513,[363]
514,"[802, 1648, 2253, 2260, 3021, 3068, 3090, 3618]"
515,"[86, 718, 1339, 1350, 1577, 1619, 2152, 2282, 3021]"
516,"[259, 351, 1350, 1684, 1700, 2260, 2282, 2660, 3021, 3618, 3649]"
517,"[189, 413, 889, 958, 1087, 1651, 1688, 2282, 3021, 3618, 3649]"
518,"[180, 1147, 1573, 2129, 3618]"
519,"[180, 1087, 2442]"
520,"[166, 528, 1088, 1098, 1141, 1350, 1700, 2442, 2478, 3021]"
521,"[470, 1074, 1088, 1155, 1579, 1692, 2031]"
522,"[363, 380, 889, 1135, 1334, 2019, 2454, 2457]"
523,"[203, 1579, 2066, 2282, 2591, 2738, 2902, 3316, 3649, 4228]"
524,"[273, 448, 485, 516, 1151, 1657, 2435, 2902]"
525,"[142, 219, 257, 1086, 2282, 2363, 2501, 3021, 3484]"
526,"[527, 585, 1693, 2260, 2282, 3787]"
527,"[526, 1147, 1339, 1780, 1997, 2282, 2881, 3787]"
528,"[219, 718, 1573, 2012, 2019, 2442, 2518, 3194, 3520]"
529,"[733, 821, 1648, 1794, 2071, 2073, 2270, 2591, 3618, 4229, 4301]"
530,"[35, 267, 861, 1573, 2211, 3353, 3901]"
531,"[317, 427, 470, 527, 1074, 1547, 3649, 4228]"
532,"[156, 337, 585, 889, 1283, 1367, 1577, 1690, 2260, 2282, 2435, 3283, 3315, 3649, 3650]"
533,"[249, 351, 1135, 2219, 2397, 2591, 3021, 3445]"
534,"[481, 678, 877, 1688, 2001, 2394, 3484, 3723]"
535,"[203, 236, 374, 1207, 1573, 2287, 2394, 2746, 2961, 3795, 4299]"
536,"[166, 181, 1360, 2692, 2720, 2880]"
537,"[175, 219, 357, 580, 1356, 1684, 1688, 3021, 3490, 3649]"
538,"[166, 172, 718, 1087, 1153, 1267, 3461, 3649]"
539,"[154, 211, 219, 264, 528, 580, 733, 972, 1086, 1099, 1366, 2442, 2518, 2527, 2881]"
540,"[192, 678, 1436, 1440, 2282, 3090, 3334, 3618, 3697, 3703, 3787]"
541,"[192, 351, 684, 736, 1648, 2019, 2260, 2477, 2855, 3062, 3283, 3287, 3649]"
542,"[249, 258, 427, 467, 580, 898, 1604, 1684, 1686, 1710, 3021, 3021, 3480]"
543,"[192, 299, 736, 1573, 2071, 3484]"
544,"[142, 175, 219, 2523, 3021, 3480]"
545,"[956, 980, 1435, 1676, 1686, 1688, 1690, 2196, 3021]"
546,"[161, 1000, 1334, 1350, 1393, 1573, 1772, 1780, 1790, 2027, 3021]"
547,"[1016, 1292, 2196, 2735]"
548,"[262, 2038, 3015, 3271]"
549,"[351, 1334, 1903, 2019, 2129, 2286, 3086, 3090, 3502, 3787]"
550,"[79, 279, 374, 763, 1638, 2286, 2518]"
551,"[142, 166, 277, 374, 575, 732, 2625, 3021, 3334]"
552,"[175, 528, 580, 1086, 1108, 1339, 2106, 3021]"
553,"[166, 175, 1108, 1155, 1360, 2591, 3021, 3618]"
554,"[175, 2410, 3015]"
555,"[980, 1780, 1885, 2019, 2196, 3021, 3072, 3655, 4290]"
556,"[1257, 1286, 2910, 3334, 3374, 4290]"
557,"[166, 175, 684, 733, 889, 1147, 1360, 2106, 3086, 3283, 3650, 3697, 4226]"
558,"[175, 527, 1087, 1367, 1695, 2591, 3021, 3461]"
559,"[166, 187, 1334, 2071, 2073, 3334]"
560,"[413, 427, 678, 736, 1087, 1998, 2651, 3021, 3649]"
562,"[550, 660, 1292, 1573, 2292, 2361, 2522, 2523, 2692, 3093, 3107, 3115]"
563,"[203, 390, 446, 889, 895, 1259, 1573, 2282, 3618, 3787]"
564,"[862, 889, 1648, 2253, 2435, 2710, 2788, 3021, 3649]"
565,"[351, 2007, 2253, 2298, 2327, 3021]"
566,"[192, 351, 684, 736, 1576, 1648, 2019, 2129, 2855, 2910, 3086, 3287, 3649]"
567,"[733, 2005, 2102, 2442]"
568,"[203, 211, 585, 841, 956, 1573, 1734, 2260, 2282, 2287, 3618]"
569,"[802, 1648, 1714, 2691, 2710, 3021, 3322, 3640]"
570,"[841, 1339, 1360, 1648, 2327, 2523, 3021, 3365]"
571,"[262, 617, 638, 1108, 1858, 2902]"
572,"[279, 732, 841, 889, 1577, 1684, 1685, 1696, 1714, 3283, 3579, 3618]"
573,"[585, 841, 889, 1334, 1360, 1434, 1648, 1714, 2287, 3021, 3283, 3618, 4290]"
574,"[262, 692, 841, 1143, 2477, 2855, 3283, 3334]"
575,"[638, 841, 889, 1360, 2063, 2260, 2710, 3618]"
576,"[192, 841, 889, 1147, 3283, 3618]"
577,"[219, 276, 374, 544, 585, 802, 965, 1098, 1648, 2454, 2459, 3021, 3162]"
578,"[112, 219, 225, 841, 1638, 1734, 1798, 2282, 3021, 3618]"
579,"[1, 434, 3480]"
580,"[426, 732, 889, 1690, 1992, 3618]"
581,"[527, 821, 1998, 3845]"
582,[1959]
583,"[2260, 2286, 3226, 3701]"
584,"[351, 527, 585, 821, 848, 1798, 2700, 2738, 3865]"
585,"[269, 1086, 2282, 2442, 2591, 3021, 3480, 3701]"
586,"[268, 327, 363, 374, 1135, 1155, 1267, 1671, 2260, 2282, 3460, 4302]"
587,"[203, 219, 841, 1120, 1573, 1798, 2282, 3021]"
588,"[527, 2355, 2856, 3021, 3722, 3787]"
589,"[422, 575, 818, 821, 1573, 1734, 2738, 2880]"
590,"[461, 527, 722, 821, 1086, 1688, 1998, 2282, 2282, 2435, 2591, 3021]"
591,"[166, 528, 585, 1086, 2260, 2282, 2353, 2442, 2791, 3198, 3298]"
592,"[190, 351, 1155, 1339, 1573, 2071, 2293, 3283]"
593,"[75, 274, 889, 889, 1025, 1034, 3283, 3283, 3618]"
594,"[187, 219, 1367, 2282, 2306, 3021]"
595,"[956, 1155, 1259, 1573, 2071, 2073, 2282, 3021, 3364, 3378, 3480]"
596,"[203, 272, 506, 956, 1025, 1573, 1690, 3283, 3480]"
597,"[274, 438, 505, 841, 1434, 2270, 3283, 3474, 3618, 3703]"
598,"[192, 889, 2435, 2472, 3436]"
599,"[1, 142, 813, 1367, 1831, 1995, 3021, 3373]"
600,"[307, 585, 1363, 1648, 1734, 3002, 3027, 3650]"
601,"[889, 897, 980, 1780, 2019, 2591, 3649]"
602,"[585, 1135, 1373, 2283, 2518, 2881, 3002, 3005, 3021, 3225]"
603,"[1025, 1311, 2121, 2658, 2794]"
604,"[219, 1056, 1921, 2071, 2410, 2442, 2573, 2961, 3334]"
605,"[347, 1267, 1334, 1573, 2005, 2196, 2282, 2591, 3520, 3649, 3663]"
606,"[580, 1573, 1780, 2129, 3618, 4290]"
607,"[12, 219, 527, 603, 678, 1086, 1688, 1871, 2000, 2282, 3021, 3287]"
608,"[638, 718, 1173, 1587, 1701, 1711, 2735, 3618]"
609,"[363, 638, 718, 1413, 1422, 2478, 3233]"
610,"[1227, 1356, 2634, 2881, 3484, 3618, 3618, 4228]"
611,"[168, 528, 583, 678, 782, 877, 1688, 2541, 3021, 3618, 3649]"
612,"[112, 679, 1135, 2219, 2397, 3021]"
613,"[351, 526, 732, 1688, 1798, 2282, 2738, 3021, 3618, 3649]"
614,"[527, 585, 802, 1798, 2282, 3021, 3618, 3649, 4229]"
615,"[789, 1650, 2191, 2260, 2306, 2342, 2778]"
616,"[603, 1088, 1323, 1648, 2062, 2139, 2358, 3021]"
617,"[1029, 1367, 1482, 2019, 2092, 2282, 2435, 3021]"
618,"[305, 2260, 2306, 3480]"
619,"[487, 585, 1520, 2196, 2295, 2875, 3071, 3641]"
620,"[203, 503, 799, 1333, 1344, 1648, 1858, 2282]"
621,"[718, 2196, 2220, 3290]"
622,"[585, 1623, 2019, 2038, 2410]"
623,"[219, 704, 802, 857, 1025, 1042, 1604, 1686, 1780, 2019, 2442, 2577, 3649]"
624,"[803, 1087, 1088, 1225, 1650]"
625,"[142, 585, 848, 1155, 1573, 2260, 2282, 3021]"
626,"[678, 736, 821, 968, 1339, 2435, 3021, 3480, 4229]"
627,"[203, 1062, 1292, 1648, 2442, 3110, 3341, 3640]"
628,"[956, 1062, 1579, 1650, 1860, 2287, 2306, 2523]"
629,"[142, 828, 1155, 1367, 1648, 2442]"
630,"[338, 718, 781, 841, 1360, 1457, 1713, 2058, 2306, 2442]"
631,"[351, 374, 585, 841, 1684, 1690, 2449, 2577, 3021, 3582]"
632,"[732, 841, 1293, 1339, 2442, 3021]"
633,"[527, 528, 818, 1073, 2187, 2352, 2791, 2855, 3618, 3822]"
634,"[554, 718, 947, 1155, 1339, 1573, 2282, 2442, 2541, 3021, 3363, 3461, 3480, 3649]"
635,"[203, 527, 1292, 1367, 1526, 2187, 2523, 3480]"
636,"[718, 911, 1267, 1360, 2019, 2139, 2220]"
637,"[203, 211, 1292, 1292, 2187, 2287, 2442, 3480, 4289]"
638,"[203, 363, 585, 818, 1135, 1267, 2282, 2630, 3021, 3334, 3636, 3649, 3734]"
639,"[2237, 3649]"
640,"[203, 603, 802, 1339, 1360, 2220, 2260, 2417, 3021]"
641,"[413, 428, 585, 638, 802, 1147, 1339, 1650, 2260, 2282, 2442, 2903, 3480]"
642,"[542, 585, 1339, 1648, 1858, 2518, 2523, 2673, 3021]"
643,"[1780, 2019, 2196, 3595, 3649]"
644,"[142, 337, 527, 1086, 1359, 1367, 1484, 1573, 2523]"
645,"[638, 719, 889, 1486, 2562, 3162, 3283, 3636]"
646,"[527, 1339, 1367, 1490, 1696, 2092, 2187, 2442, 3021, 3770]"
647,"[347, 528, 585, 638, 718, 732, 1132, 1860, 2260, 2282]"
648,"[219, 580, 718, 1133, 1573, 1648, 2442, 2523, 3021, 3480]"
649,"[203, 363, 481, 585, 718, 980, 1648, 2071, 2591, 2902, 3021, 3162, 3813]"
650,"[1457, 1490, 1985, 2092, 2187, 2252, 2428, 3460, 3618]"
651,"[12, 30, 219, 2144, 2201, 2220, 2518, 2738, 3021]"
652,"[142, 218, 219, 718, 2019, 2282, 2442, 2523, 2653, 3287]"
653,"[718, 841, 1339, 1798, 3021, 3484]"
654,"[351, 718, 841, 911, 1705, 2428, 3640]"
655,"[1640, 1798, 2135, 3021]"
656,"[439, 718, 1339, 1573, 2282, 2442, 3021, 3334, 3461]"
657,"[219, 347, 528, 585, 678, 718, 821, 2282, 2409, 3618, 3649]"
658,"[428, 448, 678, 736, 802, 2282, 3021, 3618, 3636]"
659,"[1183, 1292, 2523, 3480, 3618]"
660,"[1434, 2111, 2260, 2560, 3086, 3107, 3283, 3334, 3573, 3703]"
661,"[203, 733, 1086, 2282, 4229]"
662,"[203, 704, 2287, 2527, 2910, 3618, 3701, 3795]"
663,"[570, 738, 980, 1497, 1573, 2106, 3520, 3649]"
664,"[1780, 2785, 3649, 3703, 3714]"
665,"[585, 802, 1339, 1573, 1648, 1690, 2019, 2260, 3618]"
666,"[718, 1155, 1215, 1360, 2282, 2287, 2306, 2442, 2523, 2902, 2994, 3697]"
667,"[528, 718, 1108, 1182, 1292, 1505, 2282, 2442, 2523, 3227]"
668,"[363, 824, 1573, 2346]"
669,"[818, 821, 848, 889, 1577, 2450, 3334, 3368, 3697]"
670,"[27, 967, 1577, 2130, 2196]"
671,"[97, 363, 381, 660, 1292, 1445, 1524, 2282, 3021]"
672,"[337, 2442]"
673,"[347, 374, 407, 1684, 1688, 1803, 2019, 2304, 2634, 3021]"
674,"[1292, 1525, 2130, 2158, 2537, 3199]"
675,"[967, 1032, 1052, 1339, 2019, 2247, 2260, 3565]"
676,"[125, 877, 1267, 2282, 2417, 3021, 3618, 3734]"
677,"[704, 1200, 2282, 2286]"
678,"[967, 1029, 1350, 1648, 2196, 3298, 3649]"
679,"[12, 1267, 1339, 1577, 1715, 2127, 3466, 3649]"
680,"[1086, 1141, 1182, 1292, 2442, 3287, 3480]"
681,"[203, 821, 1640, 2282, 2358, 2435, 3021, 3480]"
682,"[106, 203, 223, 374, 585, 835, 1237, 2057, 2260, 2282, 2527, 2646, 3021, 3480, 3701, 3842]"
683,"[347, 401, 585, 1025, 1577, 1648, 2881, 3415, 3618]"
684,"[219, 236, 704, 718, 2139, 2196, 3021]"
685,"[219, 485, 527, 718, 1086, 1490, 2140, 2282, 2428, 3477, 3618, 3822]"
686,"[509, 678, 1021, 1577, 1650, 2358, 3649, 3799]"
687,"[12, 363, 968, 1267, 1492, 2282, 2999, 3697, 3698]"
688,"[142, 219, 1086, 1182, 2270, 2306, 3480, 3618]"
689,"[142, 218, 219, 540, 1086, 2019, 2288, 2442, 2527, 3460, 3480]"
690,"[60, 219, 585, 802, 1108, 2220, 2282, 2722, 2903, 3068, 3162]"
691,"[821, 2282, 2902, 3090, 3107, 3283]"
692,"[203, 218, 1021, 1579, 1798, 2019, 2187, 2287, 3063, 3507]"
693,"[617, 1025, 1086, 1435, 1524, 1577, 1780, 2541, 2653, 2881]"
694,"[480, 1648, 2130, 3021, 3787, 4229]"
695,"[142, 389, 550, 1636]"
696,"[60, 363, 585, 1367, 2108, 2282, 2527, 3649, 3650]"
697,"[467, 781, 1108, 1215, 1225, 1292, 1434, 1540, 1714, 2270, 2965, 3021, 3618]"
698,"[24, 329, 363, 363, 1025, 1745, 2442, 3021, 3341, 3384, 3649, 3649]"
699,"[1055, 2139, 2417, 2591]"
700,"[97, 338, 1367, 2078, 2220, 3003, 3021, 3649, 3751]"
701,"[12, 30, 1577, 2222, 2230, 2523, 4278]"
702,"[718, 947, 1339, 1573, 2282, 2287, 3021, 3287, 3334, 3480, 3618]"
703,"[718, 823, 841, 1339, 1650, 1858, 3480]"
704,"[251, 363, 580, 638, 718, 841, 1267, 1367, 1745, 2253, 2282, 2788]"
705,"[12, 219, 374, 540, 585, 1267, 1798, 1865, 2282, 3021, 3480, 3735]"
706,"[219, 1292, 1684, 1685, 2201, 2270, 2442, 2527, 2634, 2854, 3021, 3703]"
707,"[585, 841, 1147, 1577, 1648, 1690, 3283]"
708,"[211, 603, 718, 841, 1352, 2121, 3480]"
709,"[98, 550, 733, 2417]"
710,"[219, 518, 585, 1106, 1446, 2288, 2653, 3334, 3703]"
711,"[203, 327, 387, 782, 1087, 1339, 1359, 1577, 3008]"
712,"[347, 585, 1088, 1648, 2287, 2442, 3110, 3646]"
713,"[142, 947, 1339, 2537, 3021, 3577, 3618]"
714,"[1367, 2141]"
715,[337]
716,[1636]
717,[3827]
724,[1384]
725,[1434]
726,[97]
727,[199]
728,[353]
729,[390]
730,[2260]
731,[577]
732,[3383]
733,"[1182, 2442]"
734,[1885]
735,[1382]
736,[4247]
737,[452]
738,[1383]
739,[2282]
740,[2534]
741,"[203, 2442]"
742,[2982]
743,[3298]
744,[3480]
745,[3555]
746,[1668]
747,[967]
749,[585]
750,[2260]
751,"[1684, 2253, 3334, 3649]"
754,[1286]
755,[102]
756,[205]
757,[241]
758,[3322]
759,[912]
760,[2796]
761,[3358]
764,[1621]
767,[2259]
770,[3657]
773,[2514]
778,[2676]
780,"[2897, 3334, 3649]"
783,[2788]
784,[2749]
786,[96]
787,"[732, 3021]"
788,[251]
789,[498]
790,[499]
791,[506]
792,[4270]
793,[512]
794,[418]
795,[437]
796,[487]
797,[4232]
798,[4239]
799,[4238]
800,[4237]
801,[500]
802,[4266]
803,[1283]
804,[448]
805,[4236]
806,[548]
807,[4235]
808,[4268]
809,[4233]
810,[4234]
811,[528]
812,"[347, 3021, 3649]"
813,"[2106, 3021, 3649]"
814,"[3021, 3649, 3799]"
815,"[135, 3649]"
816,"[1779, 3649]"
818,"[1778, 3649]"
819,"[2331, 3649]"
820,"[2948, 3649]"
821,[2541]
822,[2423]
823,[2201]
824,"[3021, 3649, 3771]"
825,[3757]
826,[3675]
828,[1839]
829,[2985]
833,[4242]
834,[4241]
835,[3922]
837,[4478]
841,[2756]
842,"[3649, 4251]"
843,[925]
844,"[1138, 3649]"
845,"[211, 3649]"
846,"[106, 3649]"
847,"[1070, 3649]"
848,"[225, 3649]"
849,"[126, 835, 3649]"
850,"[1904, 3649]"
851,"[2037, 3649]"
852,"[837, 3649]"
853,"[2397, 3649]"
854,"[2825, 3649]"
856,"[1803, 4255]"
857,"[778, 782]"
858,[4240]
859,"[249, 4231]"
860,[4248]
861,[2454]
862,[60]
863,[1626]
864,[2034]
865,[2077]
866,[915]
867,[1622]
868,[2880]
869,[3704]
870,[2960]
871,[196]
872,[3931]
873,[386]
874,[2327]
875,[12]
876,[6]
877,[781]
879,"[12, 710, 1807]"
880,"[12, 1808, 3598]"
881,[12]
882,"[6, 710]"
883,[3968]
884,[4243]
885,[761]
886,[3963]
887,[4250]
888,[2196]
889,[575]
890,[2735]
891,[2738]
894,[134]
895,[3283]
896,[3436]
897,[1780]
898,[4249]
899,[351]
900,[1619]
901,[4196]
902,[230]
903,[2560]
904,[2246]
905,[2130]
906,[237]
907,[4260]
908,[1278]
909,[2157]
910,[1858]
911,[2121]
912,[3459]
913,[2164]
914,[4274]
915,[4261]
916,[3313]
917,[2139]
918,[1127]
919,[1142]
920,[4381]
921,[4245]
922,[2935]
923,[1143]
924,[4244]
925,[2653]
926,[4246]
927,[870]
928,[3507]
929,[4252]
930,[2718]
931,[3829]
932,[3985]
933,[873]
934,[4253]
935,[1623]
936,[4006]
937,[4018]
938,[4013]
939,[603]
940,[3384]
941,[1359]
942,[2358]
943,[39]
944,[921]
945,[2523]
946,[255]
947,[4254]
948,[122]
949,[1998]
1020,"[28, 585, 756, 804, 967, 1029, 1334, 1573, 1648, 2026, 2196, 2442, 2936, 3298]"
1021,"[203, 841, 1650, 1798, 2287, 2323, 2442, 2658, 3697]"
1022,"[142, 718, 889, 2282, 3460, 3531, 3551, 3649]"
1023,"[732, 873, 1025, 1334, 1334, 1648, 2129, 2454, 2457, 2457, 3149]"
1024,"[351, 1520, 1690, 2518, 2527, 3283, 3649, 4286]"
1025,"[374, 585, 638, 1038, 1071, 1108, 2282, 2722]"
1026,"[851, 1135, 1337, 1577, 1690, 1780, 2130, 2283, 2518, 2690, 3298]"
1027,"[1025, 1292, 2092, 2394, 3299]"
1028,"[35, 736, 1334, 1648, 2121, 2129, 3002, 3090]"
1029,"[203, 585, 804, 967, 1648, 2037, 2130, 2630, 3002, 3392, 3649]"
1030,"[363, 638, 802, 965, 975, 1880, 2200, 2282, 2645]"
1031,"[527, 1086, 1339, 1367, 1577, 2234, 2449]"
1032,"[12, 718, 1081, 1238, 1339, 1708, 2282, 2735, 2738, 3021, 3787]"
1033,"[872, 1882, 2454, 2457, 3550]"
1034,"[347, 632, 638, 1088, 1700, 2270, 3021, 3618]"
1035,"[117, 851, 1267, 1339, 2220, 2282, 2417, 2523, 2722, 3287]"
1036,"[736, 1484, 2358, 2442, 3231, 3799]"
1037,"[35, 386, 638, 980, 1288, 2108, 2630, 3041, 3063, 3697]"
1038,"[585, 729, 804, 1002, 1690, 2130, 2196, 2288, 2577, 3002]"
1039,"[585, 738, 802, 2130, 2194, 2788, 3021, 3640]"
1040,"[338, 889, 1025, 1360, 1648, 1696, 2287, 2417, 2523, 3538, 4289]"
1041,"[889, 1573, 1648, 1860, 2125, 2220, 2855, 3021, 3528, 3704]"
1042,"[967, 1087, 1225, 1708, 2282, 2527, 3480]"
1043,"[12, 570, 911, 985, 1339, 2196, 2287, 2305, 2341, 2528, 3304, 3460]"
1044,"[493, 841, 1267, 1650, 2442, 2518, 3063, 3148, 3271]"
1045,"[492, 804, 1577, 1648, 2537, 2658]"
1046,"[142, 638, 1339, 3021, 3480, 4298]"
1047,"[585, 851, 1616, 1684, 1696, 2130, 2196, 2788]"
1048,"[117, 282, 802, 889, 1690, 3436, 3618, 3649, 3649, 3704]"
1049,"[781, 1842, 2523, 2537, 3058, 3528]"
1050,"[585, 889, 2282, 2642, 3021, 3147, 3283, 3618, 3649]"
1051,"[203, 219, 580, 585, 804, 1648, 2019, 2130, 3021, 3460, 3480]"
1052,"[282, 363, 1222, 1292, 1339, 1573, 1648, 2459, 3021, 3480]"
1053,"[804, 1086, 2282, 2442, 2523, 2537, 3334, 3497, 3649]"
1054,"[718, 1215, 1339, 1351, 2220, 2270, 2902]"
1055,"[1199, 1685, 1780, 2428, 2788, 3021, 3372, 3618]"
1057,"[219, 580, 585, 632, 638, 1648, 2902, 3021, 3240, 3618]"
1058,"[718, 889, 1443, 2019, 2196, 3649]"
1059,"[59, 1339, 2196, 3021, 3063]"
1060,"[49, 1292, 1507, 1840, 2158, 2442, 2523, 3148]"
1061,"[585, 1882, 2253, 2282, 2454, 2457, 3021, 3550]"
1062,"[505, 802, 851, 2196, 2200, 3021, 3119, 4226]"
1063,"[879, 2121, 3550]"
1064,"[580, 585, 851, 889, 2220, 2282, 2286, 2417, 3021, 3531, 3697]"
1065,"[282, 351, 841, 889, 1147, 1333, 1334, 2129, 2277, 2288, 2394, 3618]"
1067,"[638, 1029, 1339, 2282, 2288, 2402, 3021, 4298]"
1068,"[35, 219, 851, 889, 1367, 1577, 2417, 2523, 2630, 3021, 3287, 3531, 3704]"
1069,"[282, 862, 1022, 1547, 1945, 2129, 2158, 3618]"
1070,"[638, 1538, 1722, 2902, 3021, 4298]"
1071,"[290, 1690, 1780, 2129, 3618]"
1072,"[1178, 2135, 2417, 2738, 3059, 3538, 3697]"
1073,"[122, 632, 678, 766, 1356, 1648, 3063, 3384]"
1074,"[1098, 1339, 1577, 2260, 2287, 3021, 3550, 3704]"
1075,"[585, 1443, 1648, 1714, 3021, 3550, 3704]"
1076,"[308, 852, 1352, 1813, 2062, 2074, 2394, 3480]"
1077,"[297, 841, 1339, 1708, 2282, 3021, 3787]"
1078,"[97, 841, 1106, 1339, 2442, 3021, 3142, 3704]"
1079,"[282, 841, 1509, 3618]"
1080,"[203, 802, 1573, 2282, 2728, 3153, 3618, 4219]"
1081,"[585, 718, 1648, 1714, 3550, 3704]"
1082,"[35, 804, 1032, 1339, 1648, 2019, 2196, 2398]"
1083,"[310, 1860, 2538, 3533]"
1084,"[97, 363, 638, 3037, 3116, 3239, 3383]"
1085,"[35, 802, 805, 1106, 1339, 1507, 1577, 2130, 3283]"
1086,"[282, 638, 718, 1086, 1339, 1351, 2518, 2902, 3021, 3618]"
1087,"[6, 363, 851, 1147, 1267, 1360, 1798, 2282, 2523, 3021]"
1088,"[585, 718, 1339, 1360, 1803, 2260, 2282, 3021, 3487]"
1089,"[219, 1485, 2121, 2288, 2542, 3021, 4298]"
1090,"[585, 851, 1684, 2130, 2428, 3640, 4289]"
1091,"[390, 889, 1577, 1690, 3283, 3618, 3649]"
1092,"[219, 585, 638, 1086, 1648, 2287, 3021, 3190, 3772]"
1093,"[363, 1025, 1106, 1129, 1267, 2523, 2746, 3704]"
1094,"[718, 1339, 1705, 1707, 1708, 2127, 2282, 3025, 3618]"
1095,"[219, 1579, 1708, 1903, 2282, 2432, 3392, 3787]"
1096,"[12, 851, 1098, 1108, 1173, 1339, 2270, 2282, 2523, 2523, 3021, 3480, 3618]"
1097,"[203, 219, 718, 851, 1323, 1577, 1648, 2058, 2306]"
1098,"[110, 196, 219, 285, 782, 1108, 1267, 1573, 2220, 2282, 2727, 3334]"
1099,"[528, 1354, 1420, 1445, 2442, 3240, 3820, 4286]"
1100,"[304, 766, 2282, 2738, 3063, 4289]"
1101,"[28, 1339, 2436, 3153, 3650]"
1102,"[282, 420, 841, 1293, 1339, 1434, 2158, 2306, 3021]"
1103,"[506, 738, 1432, 2121, 3283]"
1104,"[2145, 2732]"
1105,"[852, 1032, 1885, 2196, 2528]"
1106,"[554, 2019, 2220, 2442, 3550]"
1107,"[219, 363, 1292, 1350, 1352, 1393, 2171, 2518, 2961, 3021, 3704]"
1108,"[203, 249, 290, 1147, 1690, 2125, 2129]"
1109,"[1135, 1577, 1708, 2282, 3058, 3283, 3787]"
1110,"[1367, 1842, 1860, 3153]"
1111,"[580, 1025, 1267, 1339, 2282, 3618, 3704]"
1112,"[852, 1644, 2020, 2130, 3416]"
1113,"[802, 1292, 1339, 1359, 2442, 2903, 3021, 3480]"
1114,"[219, 841, 1860, 2961, 3316, 3649]"
1115,"[585, 1032, 2130, 2253, 2942, 3640, 3772]"
1116,"[678, 736, 971, 2071, 2129, 2282, 3528, 3618, 3787]"
1117,"[638, 805, 841, 1434, 1648, 2562, 2910, 3086, 3090, 3283]"
1118,"[249, 337, 889, 906, 1334, 1350, 1367, 1576, 1780, 2129, 2260, 3528, 3618, 3649, 4291]"
1119,"[289, 638, 1420, 2658, 3261, 3618]"
1120,"[766, 1135, 1352, 2129, 3787]"
1121,"[575, 580, 585, 797, 1339, 1573, 1648, 2130, 2196]"
1122,"[1025, 1252, 1292, 1323, 1788, 2130, 2286]"
1123,"[282, 733, 1334, 1780, 2071, 2404, 2442, 2855, 2910]"
1124,"[1155, 1448, 1803, 2442, 3021, 3334, 3480]"
1125,"[239, 554, 1288, 2019, 2086, 2130, 2738, 3787]"
1126,"[905, 1219, 1427, 1916, 2599, 3334]"
1127,"[1025, 1524, 2130, 2282, 2518, 3021, 3120, 3697]"
1128,"[1379, 1788, 1831, 2019, 2164, 2518, 2518, 3021, 3649]"
1129,"[142, 203, 526, 527, 840, 1086, 1339, 2282, 2541, 3334, 3649]"
1130,"[638, 1524, 1573, 2106, 2282, 2306, 2310, 2442, 2523, 2527, 3047]"
1131,"[1339, 1342, 1350, 3021, 3618, 3682]"
1132,"[399, 1945, 3731]"
1133,"[219, 526, 718, 1086, 1573, 1803, 2220, 2442, 2485, 3021, 3334, 3628, 3704]"
1134,"[203, 219, 327, 363, 585, 844, 2327, 3021, 3787]"
1135,"[718, 2019, 2282, 2486, 2658, 3251]"
1136,"[1334, 1379, 1648, 3649]"
1137,"[1522, 1648, 1690, 3021, 3120, 3618, 3650]"
1138,"[816, 1636, 2158]"
1139,"[638, 811, 841, 889, 1367, 1385, 3283, 3618, 4226]"
1140,"[327, 1025]"
1141,"[142, 203, 219, 298, 638, 1088, 1524, 2282, 2306, 2442, 2523, 3116, 3351]"
1142,"[898, 975, 2019, 2127, 2454]"
1143,"[219, 1122, 1252, 1496, 2428, 2523]"
1144,"[12, 112, 298, 876, 980, 1339, 2549, 3021, 3649, 3693]"
1145,"[363, 1108, 1339, 3021, 3107]"
1146,"[363, 889, 1648, 1798, 2019, 3021, 3389, 3649]"
1147,"[363, 840, 1367, 3050]"
1148,"[638, 718, 844, 1155, 1648, 2442, 2523, 2658, 2902]"
1149,"[585, 841, 902, 1350, 1648, 1798, 2196, 3021, 3271, 4226]"
1150,"[142, 203, 526, 527, 1086, 1339, 2282, 2541, 3310, 3334, 3618, 3649]"
1151,"[889, 1147, 1246, 1334, 1648, 2129, 2552]"
1152,"[638, 841, 889, 1155, 1334, 1434, 1648, 2129, 3120, 3618, 3649, 3650]"
1153,"[142, 603, 804, 844, 848, 1885, 2089, 2230, 2647, 3334]"
1154,"[203, 371, 797, 1025, 1029, 2196, 2287, 3304]"
1155,"[840, 841, 889, 1360, 1434, 2129, 2287, 2305, 3086]"
1156,"[35, 439, 580, 638, 898, 1686, 2442]"
1157,"[363, 1155, 1300, 1386, 1648, 2019, 3021, 3649]"
1158,"[12, 35, 902, 2092, 2428, 2541, 3107]"
1159,"[30, 580, 968, 2634, 2634, 3021, 3618, 3799]"
1160,"[203, 603, 1292, 1351, 1847, 2019, 2026, 2282]"
1161,"[142, 1029, 1135, 1252, 2260, 2282, 3618]"
1162,"[1577, 2019, 2087, 3283]"
1163,"[841, 844, 1334, 1360, 1648, 3283, 3618]"
1164,"[1055, 1200, 1267, 1367, 2019, 2220, 2482, 3021, 3093, 3392, 3704, 3787]"
1165,"[32, 203, 483, 521, 580, 585, 1086, 2019, 2106, 2282, 3351, 3460, 3618, 3649]"
1167,"[219, 528, 750, 2902, 2994, 3225]"
1168,"[519, 1025, 1124, 1356, 1648, 2019, 2038, 2196, 2306, 3649]"
1169,"[156, 219, 585, 816, 1648, 2038, 2260, 2277, 2910, 3086, 3283, 3618, 4291]"
1170,"[574, 878, 889, 1659, 2019, 3484, 3704]"
1171,"[142, 219, 527, 718, 1081, 1086, 1108, 1155, 2282, 3310, 3480, 3618]"
1172,[3283]
1173,"[219, 363, 1219, 1292, 1333, 1648, 2459, 3021, 3120, 3480]"
1174,"[363, 718, 1108, 3704]"
1175,"[1242, 1647, 3618]"
1176,"[2019, 3021, 3096, 3649]"
1177,"[1379, 3436]"
1178,"[203, 363, 528, 585, 638, 918, 956, 1648, 2722, 2902, 3021]"
1179,"[142, 1087, 1252]"
1180,"[718, 751, 954, 1087, 2078, 2442]"
1181,"[1379, 2019, 3021, 3649]"
1182,"[519, 1339, 1648, 2130, 3021, 3415]"
1183,"[203, 585, 902, 1648, 2019, 2130, 2196, 2735, 3484, 3567, 3787]"
1184,"[718, 1086, 1339, 1352, 1573, 2442, 2878, 3021, 3480]"
1185,"[35, 2019, 2026, 2220, 3517]"
1186,"[554, 1025, 1648, 2196, 3259, 3415, 3649]"
1187,"[219, 298, 526, 574, 840, 2282, 2442, 3021, 3480, 3649, 3704]"
1188,"[575, 718, 1339, 1379, 2019, 3618, 3787]"
1189,"[751, 3649]"
1190,"[889, 1334, 2129, 3011, 3334, 3649, 3772]"
1191,"[142, 1245, 1339, 2019, 2442, 2523, 3021]"
1192,"[142, 517, 718, 1086, 1227, 2019, 2442, 3300]"
1193,"[575, 718, 1086, 1339, 2019, 2129, 2454, 3086, 3389, 3650]"
1194,"[351, 614, 732, 827, 1690, 4226]"
1195,"[309, 902, 1648, 3567, 3649]"
1196,"[357, 363, 660, 1114, 1360, 2282, 3352, 3460]"
1197,"[1289, 1414, 1977, 3649, 3655]"
1198,"[718, 1013, 1339, 1977, 2019, 3021, 3283]"
1199,"[30, 219, 363, 574, 585, 638, 956, 980, 1147, 2327, 3021, 3021, 3649, 3771]"
1200,"[1106, 1733, 2130, 2196, 2288, 2537]"
1201,"[111, 1350, 1379, 2523, 2994, 3480]"
1202,"[351, 506, 1135, 1573, 1690, 2129, 3096, 3107]"
1203,"[1267, 1367, 2220, 2417, 2527, 3259, 3704]"
1204,"[107, 219, 363, 1577, 3649]"
1205,"[203, 902, 1135, 1339, 2130, 2282, 3021, 3392, 3787]"
1206,"[142, 725, 1339, 1366, 1636, 2106, 2229, 2288, 2312, 2455]"
1207,"[351, 1025, 1648, 2910, 3283]"
1208,"[142, 528, 954, 1108, 1252, 1573, 2220, 2282, 2759, 3021, 3649]"
1209,"[363, 638, 918, 1753, 1798, 2019, 2282, 2523, 2549, 2902, 2995, 3021, 3704]"
1210,"[1032, 1763, 2287, 2306, 2442, 3159, 3259]"
1211,"[203, 638, 889, 1577, 1690, 1780, 2630, 2881, 3283]"
1212,"[363, 889, 1360, 1648, 1732, 3649, 3820]"
1213,"[219, 580, 1087, 1577, 1673, 1707, 2447, 2518, 3021, 3697]"
1214,"[148, 1780, 1798, 2071, 2073, 3021, 3618]"
1215,"[142, 526, 528, 956, 1086, 1339, 2078, 2442, 2880]"
1216,"[857, 1782, 1890, 2454, 3787]"
1217,"[374, 574, 1155, 1227, 1323, 1339, 2523, 2550, 3021, 3093]"
1218,"[386, 590, 718, 844, 1139, 1638, 2130, 2260, 2277]"
1219,"[363, 638, 718, 902, 1200, 1267, 1648, 1727, 2019, 2078, 2523, 3021, 3704]"
1220,"[1292, 2454, 3523]"
1344,"[2270, 2454, 2459, 2591, 2961, 3021, 3461, 3636, 3787]"
1345,"[374, 1424, 1651, 2270, 2282, 2385, 4461]"
1346,"[1088, 3009]"
1347,"[585, 1086, 1813, 2019, 2358, 2442, 2591, 2658, 3063]"
1348,"[363, 363, 921, 1619, 1619, 3021, 3077, 3271, 4462, 4463]"
1349,"[374, 1755, 2976, 3649, 4464, 4465]"
1350,"[2019, 2038, 3334, 3640, 3813]"
1351,"[112, 219, 1367, 2881, 3021, 3618]"
1352,"[1367, 2038, 2157, 2288]"
1353,"[35, 351, 575, 889, 949, 1135, 1367, 1690, 3649]"
1354,"[207, 781, 1032, 1367, 1648, 2019, 3021, 3271]"
1356,"[1648, 2277, 2323, 2391, 3063, 3070, 3618, 4466]"
1359,"[3021, 3118, 3649, 4489]"
1360,"[1249, 1619, 1684, 1684, 2220, 2253, 4489, 4489]"
1361,"[126, 720, 1249, 2220, 3021, 3595, 4489]"
1366,"[374, 1276, 2270]"
1372,"[126, 768, 1249, 3021, 3595, 3618, 3636, 3649, 4489]"
1375,"[236, 374, 704, 1081, 1088, 1259, 2019, 2270, 2282, 3021, 3393, 3461, 3618]"
1376,"[196, 363, 2282, 3021, 4470]"
1377,"[765, 905, 1141, 2270, 2442, 2881, 3334, 4471]"
1378,"[766, 1025, 2270, 2323, 2442, 2961, 3334, 3649]"
1379,"[1350, 1393, 1780, 2442, 2459, 3697]"
1380,"[1357, 2910, 3334, 3618]"
1381,"[1025, 1088, 2270, 2282, 2442, 3461, 3703, 4473]"
1382,"[220, 2270, 2518, 4290]"
1383,"[351, 1352, 3021, 3313, 4473]"
1384,"[1087, 1352, 1688, 2270, 3015, 4500]"
1385,"[127, 766, 1098, 2282, 2454, 3021, 4500]"
1387,"[127, 2738, 3346, 4474]"
1389,"[967, 1032, 1082, 2270, 2323, 2442, 3813]"
1390,"[1032, 1088, 2019, 3813]"
1391,"[1088, 2019, 2338, 3813]"
1392,"[1593, 1780, 2071, 2246]"
1393,"[219, 236, 386, 580, 1088, 1745, 2027, 2270, 2323, 2442, 3021]"
1394,"[351, 732, 2270, 2435, 2449, 4216]"
1395,"[1554, 2323, 2435, 3070, 3640]"
1396,"[1086, 2270, 2442, 2738, 2881]"
1397,"[47, 2019, 2270, 2442, 3787]"
1398,"[1780, 2454, 3643, 3813]"
1399,"[219, 732, 1593, 3283, 3334, 3643]"
1400,"[590, 2246, 3271, 3334, 3636, 3787]"
1401,"[1780, 2071, 2073, 2518, 3021, 3618]"
1408,"[30, 374, 374, 1199, 1767, 1767, 2046, 2426, 3021, 3334, 3334, 3595, 3595, 4421]"
1409,"[374, 889, 1767, 2327, 3021, 3334, 3595]"
1410,"[35, 249, 374, 374, 496, 782, 792, 921, 1755, 1755, 3334, 3334, 3567, 3595, 3595, 3604, 4475]"
1411,"[738, 1755, 1767, 2627, 3118, 3329, 3334]"
1415,"[127, 202, 236, 2442, 3640]"
1423,"[2781, 3895]"
1424,"[3663, 3895]"
1425,"[3514, 3895]"
1426,"[30, 126, 2327, 3021, 3334, 3595, 3618]"
1427,"[30, 125, 1696, 2327, 3021, 3334, 3618]"
1428,"[326, 374, 2327]"
1429,[2350]
1432,"[203, 638, 651, 889, 956, 980, 1573, 1814, 2282, 2287, 3021, 3618]"
1436,"[6, 2560]"
